Tarra,Klimushev
Kiele,MacIllrick
Bern,Bamborough
Louella,Lippitt
Tiena,Jocelyn
Nicki,Pollicott
Marlo,Saines
Minetta,Le Floch
Marys,Belloch
Tamarra,Simao
Blancha,Janzen
Regan,Goldfinch
Trish,Ishak
Ulberto,Ulyat
Antoni,Eyers
Abbye,Barwise
Blinni,Ornils
Fin,Cobbin
Mandel,Curneen
Rubi,Tschiersch
Berget,Stollmeier
Rodolph,Kinton
Dav,Bantick
Davidde,Whild
Dickie,Dumphries
Sile,Halwill
Betti,Monshall
Zachary,Fortun
Aeriel,Hanhart
Joshuah,Davenall
Jamal,Brounsell
Paxton,Claiden
Mala,Castel
Randy,Hearsey
Doria,Alexandersen
Greggory,Stihl
Prentice,Bushe
Stu,Conachie
Nadean,Shevelin
Paolo,Lailey
Merrile,Eric
Bryn,Chartre
Gardener,Walcher
Malissa,Stellino
Prue,Sauvain
Laney,Firks
Rafaelita,Barry
Lauryn,Dewar
Celesta,O'Feeney
Winnah,Vannuccinii
Cortie,Heindrick
Shurlock,Story
Bobbie,Hadeke
Adele,Dahlen
Adena,Syphus
Charley,Kinnear
Abagael,Nutkin
Catha,Baily
Marchall,Chatterton
Jacklyn,Manzell
Daveta,De L'Isle
Britt,Leffek
Donni,Roston
Kingsley,Lehrahan
Damien,Beecraft
Hettie,Cosh
Carlo,Bonehill
Carol-jean,Farley
Norma,Greenwood
Kinsley,Burgher
Charles,Guitonneau
Paige,Philpault
Welbie,Conor
Veronika,Bulfield
Darrelle,Frankema
Lynn,Lummus
Devi,Stower
Tatiania,Ostler
Morgun,Petrasek
Tirrell,Gogerty
Zedekiah,Pinkstone
Kimmi,Langtry
Starla,Fareweather
Jean,Gwioneth
Hollis,Ableson
Godard,Leyman
Leonhard,Walthew
Rosalinda,Carryer
Hannie,Petschel
Blanche,McKinstry
Ileane,Spore
Robb,Rozenbaum
Bax,Studdert
Ami,Winfrey
Obie,Hyett
Benjamin,MacNeill
Esta,Ivanitsa
Karola,Anderbrugge
Armand,Sapauton
Mona,Forestall
Sibeal,Forster
Hobart,Brosius
Elianora,Clemenzi
Kordula,Jorgensen
Leandra,Tunsley
Truda,Soles
Susannah,Milbourn
Linn,Ayer
Toinette,Gobat
Hercules,Nussen
Clemmie,Wissbey
Goldi,Szymanowicz
Reagen,McDell
Rochelle,Jakoviljevic
Bil,Yeabsley
Judith,Roget
Thedric,Skudder
Frannie,Wilshin
Lise,Rathborne
Brose,Gillyett
Carrie,Lazell
Corby,Heatlie
Hyacinthe,Bitterton
Inge,Ruggieri
Juli,Bamlett
Addie,Petrishchev
Shena,Matveiko
Adriaens,Shuard
Melisenda,Cotton
Inna,Elcoate
Rafa,Mc Pake
Linette,Woollons
Patricia,Brason
Granger,Pindred
Nichol,Willcox
Ree,Udden
Evonne,Fitzsymons
Tabby,Stainsby
Anatol,Dorian
Brantley,Albon
Melitta,Babbe
Bucky,Geratt
Margalit,Marcq
Miller,Mirralls
Dorice,Giovannoni
Johannah,Johansson
Rurik,Bodleigh
Uriah,Streets
Amity,Stranaghan
Erl,Westfield
Zackariah,Rodenburg
Blayne,Durham
Olga,Lampens
Korella,Breadon
Raychel,Bowry
Adriena,Haglinton
Oralle,Bardwall
Justine,Bestall
Ira,Wisby
Stephani,Danilovic
Mirelle,Roizin
Aurora,Corden
Burnard,Glasscoo
Albrecht,Walwood
Kristoffer,Sollas
Ernie,Chaimson
Chrystal,Lillie
Alie,Endecott
Donn,Kimm
Susy,Dwerryhouse
Novelia,Lefever
Kit,Vaen
Trudy,Slocombe
Kirby,Vigneron
Horatius,Pavie
Ferdy,Ruggs
Leola,Dominetti
Margit,Isacke
Bekki,Widdicombe
Berkie,Crofts
Lynn,Sives
Seumas,Wigfall
Gray,Cantor
Roxanne,Prichet
Rochella,Bradder
Rosella,Thomazet
Hildagard,Ellum
Marylin,Brabbins
Arielle,Campbell-Dunlop
Carney,Girodin
Rickey,Hawkey
Annmaria,Paternoster
Grayce,Fomichkin
Danyette,Vanyutin
Dionysus,Choke
Gerianna,Jerman
Joby,Kits
Halley,Lalor
Lynn,Gurery
Alberta,McNee
Ruperta,Cottel
Allan,Longden
Rochell,Faughnan
Alexis,Rotchell
Ruthann,Knevet
Man,Goforth
Theadora,Druitt
See,Pleavin
Reeba,Stenet
Roanna,Wooddisse
Aeriel,Greally
Crysta,Dimitru
Reena,Charge
Rory,Stops
Bev,Cassimer
Merissa,Robe
Cordy,Dabnot
Joyce,Scimoni
Laurie,Temporal
Burlie,Elcy
Julio,Clashe
Jannelle,Diamant
Zacharia,Raleston
Jonah,Blazewicz
Olympie,Silbert
Zondra,Townson
Allayne,Richmont
Brandie,McCarly
Rozelle,Coupman
Brad,Winsiowiecki
Sholom,Thame
Ivor,Bausmann
Merla,Parradine
Normand,O'Sirin
Felicio,Spaughton
Petey,Raddenbury
Prince,Portress
Nilson,Aery
Sondra,Woolfoot
Mimi,McQuode
Lenore,McWhirter
Ailbert,Clineck
Natassia,Leddy
Pyotr,De Luna
Estrella,Curley
Anabelle,MacIlory
Jacinta,Ricciardo
Walliw,Horley
Tatiana,Grigoryov
Marcellina,Byrne
Toma,Knappen
Valentine,Ashbrook
Jolyn,Savell
Beryle,Skouling
Geraldine,Damper
Allayne,Bahike
Gauthier,Wais
Hedwig,Calvard
Kerri,Arundale
Ashlen,Beckhurst
Linzy,Bresner
Patrizius,McPike
Jenelle,Pargetter
Boris,McNeil
Luz,Cross
Ethyl,Sollas
Kennie,Connal
Robin,Rottger
Sanson,Budleigh
Nata,Foxall
Maurie,Edgington
Kelcie,Josephs
Imogene,holmes
Felisha,Hoggan
Ivonne,Caress
Kristopher,Creddon
Cassie,Rouge
Oona,Nilles
Minetta,Hunn
Edith,Crone
Julia,Weildish
Ashton,Burdass
Myriam,Lehmann
Leland,Siviter
Terrill,Malter
Derwin,Reddick
Tobi,Rowat
Penelope,Niessen
Briano,Hawkins
Fletcher,Edkins
Nadeen,Claye
Ole,Pardi
Salmon,Ohrtmann
Sallyann,Halegarth
Tricia,Colleran
Jean,Dyke
Cristi,MacPaik
Lindy,Cruxton
Becca,Seniour
Valentin,Van der Daal
Frances,Topes
Karol,Ivashechkin
Demetri,Shepeard
Roda,Litterick
Hedda,Mewton
Giustina,Conyard
Rodolph,Wands
Vernice,Kirman
Keeley,Slocum
Ronnica,Maykin
Flint,Rabjohn
Fredia,Emblin
Johnette,Bedbrough
Henderson,Allred
Merrilee,Corneck
Celestia,Zanotti
Spike,Vedstra
Athene,Witcombe
Cletus,Frobisher
Ricca,Saben
Maiga,Ginley
Lilith,Margetts
Maribeth,Backsal
Terence,Jeger
Lynett,Oley
Marten,Joslin
Yvon,Mackelworth
Opalina,Shobrook
Cyril,Bloan
Maitilde,Duckit
Cherilynn,Greve
Phil,Ebi
Guilbert,Necrews
Skip,Lappin
Leonardo,Gorke
Terra,Durn
Walliw,MacDougal
Arty,Astall
Simeon,Wedderburn
Lida,Coulter
Salvatore,Bernardeschi
Charity,Biggar
Fabiano,MacCartair
Grete,Francey
Merissa,Ferrand
Ingelbert,Westmancoat
Chance,Gainforth
Whittaker,Benza
Rachel,Gaydon
Casandra,Eidler
Charo,Hutchison
Susie,Challenor
Harold,Heyball
Caryl,Aucock
Rochella,Baudts
Boot,De Robertis
Cathi,Ballston
Ruthanne,Pezey
Christos,Powlett
Winthrop,Rasell
Briny,Troyes
Gallagher,Becken
Guenevere,Songest
Rudolph,Fountain
Bethena,Frostdick
Melinde,Ackroyd
Yolanda,Hulstrom
Gizela,Gimblett
Pieter,Slarke
Pet,Castagnasso
Cinda,Tilte
Michel,Smaling
Valentine,Goricke
Analiese,Hathaway
Roxane,Raise
Tedman,MacArdle
Husein,Jerzyk
Eula,Renny
Corine,Milby
Nessa,Skottle
Gunar,Form
Jonie,Saing
Sean,Braundt
Andie,Haydon
Patrice,Rands
Malvin,Fiddiman
Linda,Gorick
Trudi,Ortiga
Noah,Grute
Celestia,Eddins
Kerianne,Sanney
Kira,Tatchell
Leah,Annon
Reta,Coulthard
Ardella,McCullen
Morganne,Rome
Sharline,Dewsbury
Kelvin,Lamey
Caritta,Bolley
Brendan,Mariaud
Marchelle,Sarginson
Etheline,Vayro
Herve,Kenway
Paola,Padwick
Teressa,Vowden
Joshua,Jonas
Rozina,Koschke
Marlo,Bleeze
Leesa,Dener
Ashton,Sandal
Lissa,Frackiewicz
Abner,Mewitt
Ludovico,Rummin
Sula,Bannester
Edlin,Andrasch
Eve,Abbison
Dorris,Faas
Jone,McKintosh
Benoit,Llewellyn
Drusie,Di Bernardo
Carlin,Yakebowitch
Stillmann,Sprosson
Sol,Crosier
Norine,Ugolotti
Worth,Gilloran
Janene,Laurenz
Katalin,MacFarlan
Bobine,Colum
Katharyn,Christophersen
Cale,Pine
Dix,Linklet
Joey,Peyro
Cyndi,Van Der Walt
Juli,Caress
Heath,Russell
Enrica,Goggins
Leann,Zecchinelli
Allegra,Wayon
Inga,Ateridge
Saunder,Clutton
Rebecca,Madigan
Mac,Drinkhill
Jefferey,Alliott
Levon,Plank
Karoline,Spreull
Sherwynd,Georgel
Elsa,Dmitrovic
Dasya,Shovelin
Justis,Simm
Art,Labbez
Jillayne,Bonnefin
Geordie,Neave
Charo,Wannes
Rivkah,Latore
Godard,Grinley
Urbanus,Cabral
Jacquelyn,Pellamonuten
Nicoline,Callacher
Giselbert,Grigoire
Ketty,Castelluzzi
Clarissa,Kamienski
Zack,Bodsworth
Diann,Coulson
Jerald,Cockley
Jonathan,Dring
Fae,Ghost
Wilhelmina,Ciciotti
Chelsae,Webberley
Leland,Gomes
Babita,Abbado
Barbe,Hasker
Vita,Heather
Pietro,Willment
Cristiano,Beeton
Arden,Guerra
Georgeanna,Clayworth
Natty,Thrasher
Raeann,Triswell
Marcello,Beebee
Pauli,Edmonson
Heloise,Pogue
Marion,Briggdale
Ossie,Sivier
Anna-maria,Curedale
Burnard,Ramelet
Renard,Sherar
Jeniffer,Forri
Darcy,Mayger
Cristin,Yanshinov
Skip,Yakubovich
Ashton,Trousdale
Saul,Warboys
Estevan,Pitcaithly
Dorthy,Valance
Ronda,Hankey
Lilllie,Breyt
Isak,Eyres
Leyla,Verlinde
Kimball,Jzhakov
Alejoa,Camillo
Drucill,Clapton
Dudley,Kindleysides
Sib,Orpin
Joceline,McParlin
Layla,Hinkens
Bruno,McKinn
Jorey,Beautyman
Lexis,Granville
Meggy,Spurgin
Tony,Fulstow
Lulu,Geldart
Ninon,Witherdon
Sumner,Vize
Raynard,Bassham
Amie,Franses
Corliss,Beckers
Banky,Landsman
Emmott,Bottomer
Ambros,Iacobetto
Edsel,Yeabsley
Verge,Burchall
Imelda,Abbet
Randee,Blay
Salvatore,Balam
Peggie,Cadore
Garrot,Denny
Duke,Aireton
Koo,Standall
Orion,Goodluck
Marlee,Nelsen
Jesse,Vane
Teri,Bail
Bev,Beckworth
Menard,Ritmeyer
Eleonore,Trass
Florenza,Rann
Rozanna,O'Kenny
Bay,Bowton
Blinnie,Hunnawill
Hermon,Coxall
Beatrisa,Burder
Sheena,Goodger
Ofelia,Sheard
Tab,Braithwait
Vladimir,Christie
Stanislas,Robson
Myrlene,Boumphrey
Gilles,Anfusso
Louis,Jerke
Kaycee,Hammant
Toinette,Bustard
Stephi,Pavluk
Jedidiah,Barber
Felipe,Pietruschka
Karrah,Livezey
Torry,Maplethorpe
Charline,Trevithick
Celia,Jacqueme
Chrysa,Symes
Stillmann,Pauel
Marta,Brahm
Wilfrid,Lawrence
Lynne,Goalby
Josee,Mellish
Arabel,Kitney
Lindy,Dene
Harley,Martinetto
Conway,Skamal
Eugene,Risebarer
Claiborn,Pallatina
Eberhard,Riseley
Gwendolin,Havik
Patrica,Bastide
Donella,Brychan
Kenyon,Mayhead
Donovan,Schutter
Orland,Westrey
Ethelin,Stebles
Faye,O'Fihillie
Jerrine,Hrynczyk
Jeanne,Volante
Patric,Threadgould
Sheffy,Brigshaw
Kerry,Heddon
Britte,Bennellick
Jan,Rumming
Helyn,Guisby
Griff,Smoth
Delano,Gorger
Granville,Enterle
Leland,McCullogh
Gage,Hamments
Anabel,Currie
Aura,Zettoi
Broddie,Stredwick
Gwenora,Attenburrow
Mario,Lakenton
Melisandra,Miquelet
Melanie,Fernandes
Fremont,Graddell
Kippar,Castangia
Massimo,Steagall
Spencer,Gon
Artair,Sansom
Lew,Alexandersen
Marge,Andrioletti
Dorri,Chestnut
Fidel,Southon
Pammy,Burnyate
Annis,Millam
Romola,Isakovitch
Jeniece,Kensit
Reese,Cottam
Aindrea,Megson
Obediah,Simister
Salim,Tweedle
Cazzie,Hillyatt
Esmaria,Melladew
Luisa,Element
Amara,Martonfi
Hulda,MacAnelley
Emma,Simpkins
Rustin,Behning
Lilias,Trencher
Cornelle,Stobbart
Ginny,De Andisie
Isidor,Felix
Prentiss,Hexam
Teodor,Seers
Henka,Weatherburn
Mannie,Crofts
Allistir,Brighouse
Osborne,Pretor
Allx,Drohun
Nady,Winridge
Lynn,Francescotti
Gwenora,Riddel
Barde,Kauffman
Renae,Soane
Kimberley,Maryott
Fania,Aldersea
Jacki,Beavors
Sigvard,Rapinett
Belita,Fortoun
Hillie,Browett
Skyler,MacKessock
Mair,Saura
Edna,Paur
Nessi,Taft
Francesca,Domoni
Vidovik,McAllester
Aldrich,Semiras
Lenard,Ainsby
Harmony,Gapper
Findley,Rushbury
Gustav,Lynd
Tamara,Petlyura
Vivi,Maurice
Virgie,Mallison
Skelly,Cyples
Nikola,Cool
Randie,Tuddenham
Domeniga,Jerrams
Abbey,Fearnehough
Timoteo,O'Meara
Jaquelyn,Rebichon
Opal,Ashbolt
Evyn,Essberger
Cindra,Boyet
Gibbie,Mees
Nola,Macey
Jarrett,Dudenie
Ransom,Hancock
Giorgi,Beller
Axe,Paoletti
Colver,Girkin
Roldan,Rannie
Dean,MacPhee
Gibby,Romagosa
Alvira,Findley
Garrard,Yukhov
Hasheem,Helleker
Rennie,Rylstone
Suzy,Bryning
Ruthie,Marquez
Gibbie,Hemeret
Corabel,McCamish
Daloris,De Witt
Marvin,Davidzon
Hilliard,Gronou
Martainn,Vondrasek
Christina,Studeart
Dreddy,Grimestone
Osgood,Moniker
Gaby,Bourhill
Fanchon,Conigsby
Bryon,Tomasik
Mariellen,Danovich
Ted,Chataignier
Mitchell,Doucette
Maryjo,Ricardot
Dalila,Kruger
Josepha,Mosdall
Sile,Creasy
My,Asif
Hill,Basey
Culver,Swansborough
Jarvis,Castagneri
Costa,Hanniger
Tina,Riche
Catie,Wych
Anabella,Peatt
Ame,Valenti
Erv,Huett
Markos,Sivell
Davy,Delia
Alfreda,Streather
Paquito,Slyne
Darn,Larman
Louis,Crowden
Broddie,Hollyman
Meredeth,Monkhouse
Donavon,Middlemist
Gaelan,Poolman
Eliot,Gilffilland
Rubi,Winckle
Yolanda,Bayns
Edi,Blankley
Cindee,Eastop
Katusha,Dawkins
Ian,Cheyenne
Raina,Sincock
Maureene,Splevins
Kris,Bernardot
Jacklyn,Spadoni
Larine,Gittins
Ilka,Zecchinelli
Boone,Grenshiels
Blake,Kuscha
Maud,Verry
Jess,Helling
Emmy,Sharvell
Florie,Wickman
Elenore,Polk
Olympia,Burchett
Alexio,Rummin
Dru,Smallthwaite
Jen,Calver
Tamara,Cotterill
Onida,Mora
Ursa,Croysdale
Alli,Brundale
Zora,Archibould
Neala,Bushby
Philbert,Freeburn
Lexis,Hanssmann
Hardy,Chuck
Jana,Giottini
Angel,Gerner
Libby,Btham
Belinda,Fiddler
Mira,Sleite
Tabbi,Cressor
Enriqueta,Lenchenko
Saunderson,Maith
Kaycee,Skates
Madelaine,Rolse
Benedicto,Loker
Nicolea,Alabastar
Netty,St Leger
Glori,Dawber
Britteny,Baldam
Natty,Widd
Stafani,Donizeau
Vilhelmina,Longford
Brok,Kaplin
Lucien,Lancetter
Jeth,Crasford
Rockwell,Kyttor
Scottie,Sells
Amalee,Enser
Wells,Yakovliv
Marjy,Surman
Dasha,Speere
Genny,Frier
Isabella,Satterfitt
Nickolas,Klimontovich
Dasha,Baroc
Cameron,Cobbled
Chauncey,Schulter
Lesli,Birkhead
Simmonds,Hallan
Susanne,Skipton
Myca,Wolfendell
Rustin,La Torre
Norman,Wessel
Iggy,Prantoni
Geri,Ridewood
Otho,Denis
Cathy,Dumberell
Garret,Fife
Ariel,Robbins
Frances,Emlyn
Marylynne,Shuter
Gustavo,Enoksson
Marlyn,MacGillespie
Salomone,Ellor
Gertrudis,Scammell
Kinny,Cheavin
Mariette,Stockell
Andie,Aylesbury
Della,Smoth
Dreddy,Exer
Ives,Richin
Geri,Ginie
Jessey,Chastenet
Garek,Klaesson
Faina,Arnell
Olag,Dinley
Quinton,Chiese
Nico,Ralph
Kristen,Kimbury
Nat,Sterry
Odessa,Thirkettle
Bobina,Coxhead
Peria,Saltern
Earl,Tomsu
Xavier,Strahan
Juline,Luckcuck
Parry,Axtens
Christophe,Johnsson
Collette,Ellum
Nico,Colbeck
Reamonn,Glassford
Cordelie,Addenbrooke
Donetta,Malletratt
Matilda,Kettlestringe
Garey,Nasey
Tobit,Brendish
Cristine,Lakin
Marcello,Teodoro
Rana,Veracruysse
Korrie,Pennicott
Hally,Cavnor
Alfi,L'Hommeau
Fulvia,Merioth
Jonathan,Hardwich
Leeann,Francois
Amii,Shanley
Rennie,Champe
Melina,Darleston
Skip,Le Breton
Spenser,Blaske
Immanuel,Scrane
Caleb,Pendre
Zelma,Millership
Alfons,Dannehl
Brion,Hinkensen
Carlita,Droghan
Mamie,Gorelli
Neron,Palek
Vaclav,Eidler
Nichole,Roy
Alf,Sibray
Hortense,Lunam
Luise,Churn
Dylan,Alleyn
Cathee,Tuttle
Jeffry,Greatrex
Wendell,Kirdsch
Warden,Cradock
Gustavo,Twallin
Kalindi,Webermann
Any,Snazel
Olva,Jedrzejewsky
Trip,Peschke
Cob,Fitchew
Lexis,Davenell
Emalee,Simnel
Natividad,McAree
Boonie,Oslar
Cathyleen,Yerill
Roberta,Haylands
Merl,Mallinar
Stanislaw,Hush
Bernete,Toun
Roderigo,Lurner
Tomi,Hasloch
Simeon,Abramowsky
Manda,Meldon
Billy,Gardiner
Stefa,Thorrington
Debra,Sergeant
Cindy,Scheu
Sally,Bielfeld
Robbie,Whitbread
Wainwright,Haggas
Izaak,Lambersen
Doro,Di Pietro
Janek,Abrahim
Jodie,Coltherd
Kameko,Valett
Laurette,Coull
Melodee,Leverton
Meredithe,Rimmer
Esme,Pioch
Anette,Johann
Kimberlee,Linguard
Darline,Ducket
Bathsheba,Whittuck
Eugenius,Sloey
Sancho,Osmon
Josee,Baudet
Filippo,Okeshott
Merla,Illyes
Lenka,Folks
Sonnie,O' Liddy
Car,Scanlon
Kevin,Veel
Onfre,Badham
Web,Pybus
Arnoldo,Fibben
Kristan,Brissenden
Rolph,O'Kinneally
Lisetta,Harbidge
Midge,Biagioni
Wini,Reddick
Alastair,Hammerman
Hakim,Lippett
Jeth,Herety
Elroy,Robshaw
Brook,McGraith
Xena,Hynde
Bernadene,Leates
Rozelle,Burgisi
Bevvy,Tatum
Nicol,Flahive
Gayla,Baly
Abbie,Wilkins
Demetris,Vlasyev
Audrey,Clipsham
Suzann,Baines
Rayna,Glendza
Shauna,Loving
Kirbie,McGrill
Anastassia,Gillbee
Brit,Rebeiro
Mersey,Sedcole
Klarrisa,Hesbrook
Garth,Search
Abe,Cucuzza
Erv,Wevell
Fraser,Pettit
Lu,Hackett
Shanan,Warfield
Simmonds,McKiddin
Wendi,Dring
Urson,Bernth
Tiena,Mardlin
Aguste,Spearett
Hatty,Mowlam
Lorilyn,Keavy
Ursulina,Koppe
Joellen,Ely
Miltie,Skace
Whitney,Fitzsymonds
Jen,Camellini
Siana,Long
Elaina,Messenbird
Aliza,Gilchrist
Sascha,Jeffry
Jordana,Yakunchikov
Christophe,Sarfas
Waite,Bagster
Lia,Doneld
Ruthanne,Knutsen
Zilvia,Spellman
Alli,Ivanovic
Tann,Annatt
Valenka,Saville
Shelley,Twinberrow
Della,Yglesias
Sada,Farney
Franz,Boatright
Kelsy,Mahaddy
Graig,Glenny
Doralynne,Shank
Randy,Shurlock
Noellyn,Kersley
Marillin,Tuftin
Christiano,Seaborn
Lynnea,McPike
Lyndsey,Musicka
Heinrick,Cawdell
Jeane,Camillo
Torrence,Hrihorovich
Lisetta,Kerwen
Vasili,Asken
Briggs,Royden
Zelig,Todd
